MSA,in_center_city,total_commuters,main_city_commuters,total_commuters_2011,main_city_commuters_2011,commuter_rate_2018,commuter_rate_2011,Change in Commuter Rate from 2011 to 2018,Change in Total Commuters,,,,,,
"Santa Maria-Santa Barbara, CA",TRUE,27719,12367,26407,9630,0.446156066,0.364676033,8.1%,28%,,,,,,
"Cedar Rapids, IA",FALSE,55785,31091,55121,26372,0.557336201,0.478438345,7.9%,18%,,,,,,
"Palm Bay-Melbourne-Titusville, FL",FALSE,171833,18197,150906,7298,0.105899332,0.048361231,5.8%,149%,,,,,,
"Cedar Rapids, IA",TRUE,46471,33950,44054,30217,0.730563147,0.685908204,4.5%,12%,,,,,,
"Palm Bay-Melbourne-Titusville, FL",TRUE,39919,8664,34531,6118,0.217039505,0.177174133,4.0%,42%,,,,,,
"Trenton, NJ",FALSE,126956,13252,121604,8807,0.104382621,0.072423604,3.2%,50%,,,,,,
"Dothan, AL",FALSE,24809,12114,25594,11727,0.48829054,0.458193327,3.0%,3%,,,,,,
"Peoria, IL",FALSE,98255,33094,101959,31278,0.336817465,0.306770368,3.0%,6%,,,,,,
"Lakeland-Winter Haven, FL",TRUE,41477,13798,37489,11352,0.332666297,0.302808824,3.0%,22%,,,,,,
"Shreveport-Bossier City, LA",TRUE,54414,35927,59487,37503,0.660252876,0.630440264,3.0%,-4%,,,,,Row Labels,Average of Change in Total Commuters
"Kingsport-Bristol-Bristol, TN-VA",FALSE,74165,16196,72608,13814,0.218377941,0.190254517,2.8%,17%,,,,,FALSE,0.080664831
"Seattle-Tacoma-Bellevue, WA",TRUE,345717,229793,269704,172103,0.664685277,0.638118085,2.7%,34%,,,,,TRUE,0.078798835
"New Orleans-Metairie, LA",TRUE,135688,82331,107827,62646,0.606766995,0.580986209,2.6%,31%,,,,,(blank),
"Washington-Arlington-Alexandria, DC-VA-MD-WV",TRUE,289540,193587,245205,158770,0.66860192,0.647499031,2.1%,22%,,,,,Grand Total,0.079731833
"Peoria, IL",TRUE,36407,19947,37968,20186,0.547889142,0.531658239,1.6%,-1%,,,,,,
"Boston-Cambridge-Newton, MA-NH",TRUE,303305,167527,247103,132887,0.552338405,0.537779792,1.5%,26%,,,,,,
"New York-Newark-Jersey City, NY-NJ-PA",FALSE,5064000,978515,4700498,840103,0.19322966,0.178726382,1.5%,16%,,,,,,
"San Francisco-Oakland-Hayward, CA",FALSE,1650487,276059,1367892,209241,0.167259118,0.152966024,1.4%,32%,,,,,,
"New Orleans-Metairie, LA",FALSE,318591,71277,296603,62225,0.223725717,0.209792214,1.4%,15%,,,,,,
"Cape Coral-Fort Myers, FL",TRUE,57124,12120,43953,8720,0.212170016,0.198393739,1.4%,39%,,,,,,
"Lincoln, NE",FALSE,31445,20662,24932,16039,0.657083797,0.643309803,1.4%,29%,,,,,,
"Syracuse, NY",FALSE,185574,47065,183561,44049,0.253618503,0.239969275,1.4%,7%,,,,,,
"Louisville/Jefferson County, KY-IN",TRUE,173245,49749,151685,41564,0.287159803,0.274015229,1.3%,20%,,,,,,
"Worcester, MA-CT",TRUE,75601,30575,64878,25440,0.404425867,0.392120596,1.2%,20%,,,,,,
"Worcester, MA-CT",FALSE,340028,39552,309211,32186,0.116319832,0.104090734,1.2%,23%,,,,,,
"Charlotte-Concord-Gastonia, NC-SC",FALSE,706927,228935,568258,177552,0.323845319,0.312449627,1.1%,29%,,,,,,
"Fresno, CA",FALSE,157118,56720,140228,49026,0.361002559,0.349616339,1.1%,16%,,,,,,
"Louisville/Jefferson County, KY-IN",FALSE,372578,60975,331542,50764,0.163657006,0.153114839,1.1%,20%,,,,,,
"Green Bay, WI",FALSE,88638,24928,81201,22012,0.281233782,0.271080405,1.0%,13%,,,,,,
"Chattanooga, TN-GA",TRUE,63629,46329,55897,40147,0.728111396,0.718231748,1.0%,15%,,,,,,
"Minneapolis-St. Paul-Bloomington, MN-WI",TRUE,189487,82939,153561,65825,0.43770285,0.428657016,0.9%,26%,,,,,,
"Boston-Cambridge-Newton, MA-NH",FALSE,1941919,369088,1730098,313895,0.19006354,0.181431919,0.9%,18%,,,,,,
"Shreveport-Bossier City, LA",FALSE,90486,40574,89712,39471,0.448400858,0.439974585,0.8%,3%,,,,,,
"Green Bay, WI",TRUE,43055,17920,39580,16152,0.416211822,0.408084891,0.8%,11%,,,,,,
"Virginia Beach-Norfolk-Newport News, VA-NC",FALSE,468862,58363,440632,51360,0.124477991,0.11655985,0.8%,14%,,,,,,
"Durham-Chapel Hill, NC",FALSE,124187,33015,108122,27930,0.265849082,0.258319306,0.8%,18%,,,,,,
"Seattle-Tacoma-Bellevue, WA",FALSE,1314477,282882,1088115,226379,0.215204983,0.208046944,0.7%,25%,,,,,,
"Virginia Beach-Norfolk-Newport News, VA-NC",TRUE,179772,89827,174795,86124,0.499671807,0.492714322,0.7%,4%,,,,,,
"Minneapolis-St. Paul-Bloomington, MN-WI",FALSE,1499183,225641,1337002,192025,0.150509311,0.14362357,0.7%,18%,,,,,,
"Oxnard-Thousand Oaks-Ventura, CA",FALSE,279333,17714,260829,14755,0.06341535,0.05656963,0.7%,20%,,,,,,
"Buffalo-Cheektowaga-Niagara Falls, NY",FALSE,388732,85011,378231,80276,0.218687939,0.212240668,0.6%,6%,,,,,,
"Miami-Fort Lauderdale-West Palm Beach, FL",TRUE,156380,53240,129990,43441,0.340452743,0.334187245,0.6%,23%,,,,,,
"Pensacola-Ferry Pass-Brent, FL",TRUE,17952,7535,19202,7942,0.419730392,0.41360275,0.6%,-5%,,,,,,
"Little Rock-North Little Rock-Conway, AR",FALSE,196327,82679,182045,75590,0.421129035,0.415227004,0.6%,9%,,,,,,
"Oklahoma City, OK",FALSE,256067,131662,235378,119678,0.51417012,0.508450237,0.6%,10%,,,,,,
"Lafayette, LA",FALSE,121252,37638,122864,37482,0.310411375,0.305069019,0.5%,0%,,,,,,
"Cape Coral-Fort Myers, FL",FALSE,163473,9194,123269,6379,0.056241704,0.051748615,0.4%,44%,,,,,,
"Fayetteville-Springdale-Rogers, AR-MO",FALSE,184132,19524,147230,14972,0.106032629,0.101691231,0.4%,30%,,,,,,
"Deltona-Daytona Beach-Ormond Beach, FL",TRUE,23905,687,18443,452,0.028738758,0.024507943,0.4%,52%,,,,,,
"New York-Newark-Jersey City, NY-NJ-PA",TRUE,3459697,2956912,2973100,2529318,0.85467369,0.85073425,0.4%,17%,,,,,,
"Cleveland-Elyria, OH",FALSE,748641,167489,705442,155116,0.223724055,0.219884838,0.4%,8%,,,,,,
"Santa Maria-Santa Barbara, CA",FALSE,121666,9490,106366,7894,0.078000427,0.074215445,0.4%,20%,,,,,,
"Huntington-Ashland, WV-KY-OH",FALSE,79438,17987,79051,17607,0.226428158,0.22272963,0.4%,2%,,,,,,
"Manchester-Nashua, NH",FALSE,139183,15050,129077,13513,0.108131022,0.104689449,0.3%,11%,,,,,,
"Atlanta-Sandy Springs-Roswell, GA",FALSE,2102802,347883,1776715,288827,0.16543783,0.162562369,0.3%,20%,,,,,,
"Portland-Vancouver-Hillsboro, OR-WA",TRUE,289941,180878,246001,152777,0.623844161,0.621042191,0.3%,18%,,,,,,
"Sioux Falls, SD",FALSE,39851,28111,33724,23696,0.705402625,0.702645001,0.3%,19%,,,,,,
"Wichita, KS",FALSE,107703,54632,102770,51896,0.50724678,0.504972268,0.2%,5%,,,,,,
"Boulder, CO",FALSE,99516,20969,91040,19030,0.210709836,0.209028998,0.2%,10%,,,,,,
"Duluth, MN-WI",FALSE,76259,22091,73550,21259,0.289683841,0.289041468,0.1%,4%,,,,,,
"St. Cloud, MN",FALSE,61779,16416,57225,15175,0.265721362,0.265181302,0.1%,8%,,,,,,
"Dallas-Fort Worth-Arlington, TX",TRUE,544725,248761,447561,204175,0.456672633,0.456194798,0.0%,22%,,,,,,
"Deltona-Daytona Beach-Ormond Beach, FL",FALSE,208113,818,177368,621,0.003930557,0.003501195,0.0%,32%,,,,,,
"Baltimore-Columbia-Towson, MD",FALSE,972851,167501,908787,156114,0.17217539,0.171782827,0.0%,7%,,,,,,
"Orlando-Kissimmee-Sanford, FL",FALSE,944871,180008,751323,142855,0.190510662,0.19013793,0.0%,26%,,,,,,
"Chicago-Naperville-Elgin, IL-IN-WI",FALSE,2958150,526166,2758389,490715,0.177869953,0.177899129,0.0%,7%,,,,,,
"Kansas City, MO-KS",FALSE,706141,154858,632311,138790,0.219301811,0.219496419,0.0%,12%,,,,,,
"San Francisco-Oakland-Hayward, CA",TRUE,431307,264973,352800,216881,0.614348944,0.614742063,0.0%,22%,,,,,,
"Las Vegas-Henderson-Paradise, NV",TRUE,236049,71276,197649,59892,0.301954255,0.303022024,-0.1%,19%,,,,,,
"Oxnard-Thousand Oaks-Ventura, CA",TRUE,68471,18347,57187,15388,0.267952856,0.269082134,-0.1%,19%,,,,,,
"Albany-Schenectady-Troy, NY",FALSE,318475,66966,299133,63253,0.210270822,0.211454437,-0.1%,6%,,,,,,
"Oklahoma City, OK",TRUE,246750,177285,218788,157488,0.718480243,0.7198201,-0.1%,13%,,,,,,
"Las Vegas-Henderson-Paradise, NV",FALSE,646557,120526,528407,99427,0.186412026,0.188163669,-0.2%,21%,,,,,,
"Davenport-Moline-Rock Island, IA-IL",FALSE,103578,20349,103972,20635,0.196460638,0.198466895,-0.2%,-1%,,,,,,
"Greeley, CO",FALSE,86353,10255,63682,7700,0.118756731,0.120913288,-0.2%,33%,,,,,,
"Boulder, CO",TRUE,27431,12100,24734,10965,0.441106777,0.443316892,-0.2%,10%,,,,,,
"Trenton, NJ",TRUE,30394,5984,25810,5140,0.196880963,0.199147617,-0.2%,16%,,,,,,
"Fayetteville-Springdale-Rogers, AR-MO",TRUE,23383,7395,18314,5839,0.316255399,0.318827127,-0.3%,27%,,,,,,
"Philadelphia-Camden-Wilmington, PA-NJ-DE-MD",FALSE,2051430,252434,1940062,243813,0.1230527,0.125672788,-0.3%,4%,,,,,,
"Pittsburgh, PA",FALSE,866535,180283,845846,178263,0.208050454,0.21075113,-0.3%,1%,,,,,,
"Lakeland-Winter Haven, FL",FALSE,210555,30076,168250,24610,0.142841538,0.146270431,-0.3%,22%,,,,,,
"Cincinnati, OH-KY-IN",FALSE,818043,140876,740823,130183,0.172210996,0.175727535,-0.4%,8%,,,,,,
"Rochester, NY",FALSE,369133,89356,353615,86883,0.242069931,0.245699419,-0.4%,3%,,,,,,
"Madison, WI",FALSE,175248,77833,164602,73725,0.444130603,0.447898567,-0.4%,6%,,,,,,
"Bridgeport-Stamford-Norwalk, CT",FALSE,324580,13175,305571,13727,0.040590917,0.044922457,-0.4%,-4%,,,,,,
"Atlanta-Sandy Springs-Roswell, GA",TRUE,192867,88563,151463,70234,0.459192086,0.463704007,-0.5%,26%,,,,,,
"Richmond, VA",FALSE,461520,87308,411752,79757,0.1891749,0.193701549,-0.5%,9%,,,,,,
"Chicago-Naperville-Elgin, IL-IN-WI",TRUE,1079913,700463,973409,635788,0.648629103,0.653156073,-0.5%,10%,,,,,,
"Los Angeles-Long Beach-Anaheim, CA",TRUE,1456928,753847,1272091,664030,0.517422275,0.521998819,-0.5%,14%,,,,,,
"Claremont-Lebanon, NH-VT",FALSE,69682,5542,68815,5790,0.079532734,0.084138633,-0.5%,-4%,,,,,,
"Asheville, NC",TRUE,24558,11682,22051,10593,0.475690203,0.480386377,-0.5%,10%,,,,,,
"Riverside-San Bernardino-Ontario, CA",FALSE,1513646,71911,1244989,65125,0.047508466,0.052309699,-0.5%,10%,,,,,,
"Harrisburg-Carlisle, PA",FALSE,208118,24846,196308,24456,0.119384196,0.124579742,-0.5%,2%,,,,,,
"Visalia-Porterville, CA",FALSE,100139,16143,91282,15197,0.161205924,0.166484082,-0.5%,6%,,,,,,
"Hickory-Lenoir-Morganton, NC",FALSE,122029,17845,112483,17053,0.146235731,0.151605131,-0.5%,5%,,,,,,
"Youngstown-Warren-Boardman, OH-PA",FALSE,174346,16554,177391,17806,0.094949124,0.100377133,-0.5%,-7%,,,,,,
"Lafayette, LA",TRUE,36321,20798,38779,22423,0.572616393,0.578225328,-0.6%,-7%,,,,,,
"Columbus, OH",FALSE,531006,211137,467673,188682,0.397616976,0.403448563,-0.6%,12%,,,,,,
"Springfield, MA",TRUE,58032,22482,52006,20456,0.387406948,0.39333923,-0.6%,10%,,,,,,
"Lancaster, PA",TRUE,24392,5655,22739,5412,0.231838308,0.238005189,-0.6%,4%,,,,,,
"Providence-Warwick, RI-MA",FALSE,634070,73528,590042,72215,0.11596196,0.122389593,-0.6%,2%,,,,,,
"Vallejo-Fairfield, CA",FALSE,124418,4711,105439,4674,0.037864296,0.044328948,-0.6%,1%,,,,,,
"Chattanooga, TN-GA",FALSE,126358,68165,114475,62501,0.539459314,0.545979472,-0.7%,9%,,,,,,
"Manchester-Nashua, NH",TRUE,47682,20241,42993,18538,0.424499811,0.431186472,-0.7%,9%,,,,,,
"Los Angeles-Long Beach-Anaheim, CA",FALSE,3790604,669348,3394000,622024,0.17658083,0.183271656,-0.7%,8%,,,,,,
"St. Louis, MO-IL",FALSE,1048600,141931,984261,140399,0.135352851,0.142644075,-0.7%,1%,,,,,,
"Lexington-Fayette, KY",FALSE,69941,29447,62367,26718,0.421026294,0.428399634,-0.7%,10%,,,,,,
"Dayton, OH",FALSE,248553,46163,229932,44409,0.185726988,0.193139711,-0.7%,4%,,,,,,
"Corpus Christi, TX",FALSE,39065,13940,40587,14788,0.356841162,0.364353118,-0.8%,-6%,,,,,,
"Miami-Fort Lauderdale-West Palm Beach, FL",FALSE,2164950,210959,1880007,197679,0.097442897,0.105148013,-0.8%,7%,,,,,,
"Toledo, OH",FALSE,127042,36675,116123,34484,0.288684057,0.296960981,-0.8%,6%,,,,,,
"Nashville-Davidson--Murfreesboro--Franklin, TN",TRUE,290058,181980,239166,152089,0.627391763,0.635913968,-0.9%,20%,,,,,,
"Santa Rosa, CA",FALSE,140047,21717,121611,19906,0.15506937,0.163685851,-0.9%,9%,,,,,,
"Fresno, CA",TRUE,164481,95165,137593,80798,0.578577465,0.587224641,-0.9%,18%,,,,,,
"Salisbury, MD-DE",FALSE,126280,11759,110562,11268,0.093118467,0.101915667,-0.9%,4%,,,,,,
"Portland-South Portland, ME",FALSE,186101,40186,168198,37815,0.215936508,0.224824314,-0.9%,6%,,,,,,
"Denver-Aurora-Lakewood, CO",FALSE,1002615,271095,830593,232186,0.270387936,0.279542447,-0.9%,17%,,,,,,
"Augusta-Richmond County, GA-SC",FALSE,132537,36582,111289,31775,0.276013491,0.285517886,-1.0%,15%,,,,,,
"New Haven-Milford, CT",FALSE,312248,37557,305145,39643,0.120279393,0.129915286,-1.0%,-5%,,,,,,
"Washington-Arlington-Alexandria, DC-VA-MD-WV",FALSE,2335938,388348,2169636,381645,0.166249275,0.175902778,-1.0%,2%,,,,,,
"Dallas-Fort Worth-Arlington, TX",FALSE,2580815,477113,2135168,415689,0.184869121,0.194686788,-1.0%,15%,,,,,,
"South Bend-Mishawaka, IN-MI",TRUE,32815,14454,31188,14044,0.440469298,0.450301398,-1.0%,3%,,,,,,
"Denver-Aurora-Lakewood, CO",TRUE,310494,150210,239287,118174,0.483777464,0.493858839,-1.0%,27%,,,,,,
"Evansville, IN-KY",FALSE,72939,36646,68172,34953,0.50241983,0.512717831,-1.0%,5%,,,,,,
"Buffalo-Cheektowaga-Niagara Falls, NY",TRUE,90185,40927,86604,40194,0.453811609,0.464112512,-1.0%,2%,,,,,,
"Scranton--Wilkes-Barre--Hazleton, PA",FALSE,183506,18043,175586,19107,0.098323761,0.108818471,-1.0%,-6%,,,,,,
"Milwaukee-Waukesha-West Allis, WI",FALSE,445975,117001,430829,117573,0.262348786,0.272899457,-1.1%,0%,,,,,,
"Baltimore-Columbia-Towson, MD",TRUE,232134,106572,217878,102366,0.459096901,0.469831741,-1.1%,4%,,,,,,
"Hartford-West Hartford-East Hartford, CT",FALSE,486565,71046,476863,74749,0.146015435,0.15675152,-1.1%,-5%,,,,,,
"Brownsville-Harlingen, TX",FALSE,65338,10648,57163,9932,0.162967951,0.173748754,-1.1%,7%,,,,,,
"Austin-Round Rock, TX",FALSE,505286,218860,387401,172011,0.433140835,0.444012793,-1.1%,27%,,,,,,
"Erie, PA",FALSE,67377,23738,66499,24156,0.352316072,0.363253583,-1.1%,-2%,,,,,,
"Durham-Chapel Hill, NC",TRUE,92342,42014,74270,34634,0.454982565,0.466325569,-1.1%,21%,,,,,,
"Utica-Rome, NY",FALSE,77237,14853,76799,15640,0.192304207,0.203648485,-1.1%,-5%,,,,,,
"Santa Rosa, CA",TRUE,49218,14838,42986,13451,0.30147507,0.312915833,-1.1%,10%,,,,,,
"San Jose-Sunnyvale-Santa Clara, CA",TRUE,434919,172281,354754,144613,0.396122037,0.407643043,-1.2%,19%,,,,,,
"Ogden-Clearfield, UT",FALSE,230872,24929,187126,22415,0.107977581,0.119785599,-1.2%,11%,,,,,,
"Springfield, MA",FALSE,193443,33624,185915,34535,0.173818644,0.185756932,-1.2%,-3%,,,,,,
"Tampa-St. Petersburg-Clearwater, FL",FALSE,1055772,187363,878041,166645,0.1774654,0.189791821,-1.2%,12%,,,,,,
"Canton-Massillon, OH",FALSE,130189,19453,123931,20047,0.149421226,0.161759366,-1.2%,-3%,,,,,,
"Albany-Schenectady-Troy, NY",TRUE,39108,19068,36246,18125,0.487572875,0.500055179,-1.2%,5%,,,,,,
"Hickory-Lenoir-Morganton, NC",TRUE,13315,4352,12082,4100,0.326849418,0.33934779,-1.2%,6%,,,,,,
"Greenville-Anderson-Mauldin, SC",FALSE,299761,41604,253719,38459,0.13879057,0.15158108,-1.3%,8%,,,,,,
"Vallejo-Fairfield, CA",TRUE,44442,6524,37847,6043,0.146798074,0.159669194,-1.3%,8%,,,,,,
"Ogden-Clearfield, UT",TRUE,35201,10491,28732,8934,0.298031306,0.310942503,-1.3%,17%,,,,,,
"Rochester, MN",FALSE,49432,27258,45024,25418,0.551424179,0.564543355,-1.3%,7%,,,,,,
"Akron, OH",FALSE,219445,32905,206017,33602,0.149946456,0.163103045,-1.3%,-2%,,,,,,
"San Diego-Carlsbad, CA",FALSE,755452,253052,656602,228728,0.334967675,0.348351056,-1.3%,11%,,,,,,
"Asheville, NC",FALSE,136407,31764,113023,27845,0.23286195,0.246365784,-1.4%,14%,,,,,,
"Huntsville, AL",FALSE,85078,49552,76176,45422,0.58243024,0.596277043,-1.4%,9%,,,,,,
"Syracuse, NY",TRUE,45592,20874,43773,20655,0.457843481,0.471866219,-1.4%,1%,,,,,,
"Winston-Salem, NC",FALSE,174022,48719,165150,48562,0.279958856,0.294047835,-1.4%,0%,,,,,,
"Detroit-Warren-Dearborn, MI",FALSE,1572959,140900,1393804,144562,0.089576397,0.103717596,-1.4%,-3%,,,,,,
"San Diego-Carlsbad, CA",TRUE,567524,351520,500671,317231,0.619392308,0.633611693,-1.4%,11%,,,,,,
"Portland-South Portland, ME",TRUE,29845,16237,26770,14959,0.544044229,0.558797161,-1.5%,9%,,,,,,
"York-Hanover, PA",FALSE,175710,16695,169383,18608,0.095014513,0.109857542,-1.5%,-10%,,,,,,
"Montgomery, AL",FALSE,59137,27538,54529,26204,0.465664474,0.480551633,-1.5%,5%,,,,,,
"Portland-Vancouver-Hillsboro, OR-WA",FALSE,758247,204444,634988,180795,0.26962718,0.284721916,-1.5%,13%,,,,,,
"Allentown-Bethlehem-Easton, PA-NJ",FALSE,314717,22725,296641,25922,0.072207729,0.087385088,-1.5%,-12%,,,,,,
"Myrtle Beach-Conway-North Myrtle Beach, SC-NC",TRUE,9337,3878,7538,3247,0.415336832,0.430750862,-1.5%,19%,,,,,,
"Kalamazoo-Portage, MI",TRUE,22056,8372,19284,7622,0.379579253,0.395249948,-1.6%,10%,,,,,,
"Rochester, NY",TRUE,78029,34286,69183,31490,0.439400736,0.455169623,-1.6%,9%,,,,,,
"Charleston-North Charleston, SC",TRUE,60653,29636,50935,25732,0.488615567,0.505192893,-1.7%,15%,,,,,,
"Greeley, CO",TRUE,36200,12196,28085,9938,0.336906077,0.353854371,-1.7%,23%,,,,,,
"Cincinnati, OH-KY-IN",TRUE,122928,51386,105788,46029,0.418017051,0.435106061,-1.7%,12%,,,,,,
"Salem, OR",FALSE,97959,32351,81607,28406,0.330250411,0.348082885,-1.8%,14%,,,,,,
"Bakersfield, CA",FALSE,152248,34764,136147,33541,0.228337975,0.246358715,-1.8%,4%,,,,,,
"Eugene, OR",FALSE,79695,32870,69379,29882,0.412447456,0.430706698,-1.8%,10%,,,,,,
"Knoxville, TN",FALSE,254602,65469,234421,64566,0.25714252,0.275427543,-1.8%,1%,,,,,,
"Salisbury, MD-DE",TRUE,10946,3013,9493,2789,0.275260369,0.293795428,-1.9%,8%,,,,,,
"Birmingham-Hoover, AL",FALSE,340749,94629,316132,93670,0.277708812,0.29630028,-1.9%,1%,,,,,,
"Lancaster, PA",FALSE,205586,22056,189834,23971,0.10728357,0.126273481,-1.9%,-8%,,,,,,
"Boise City, ID",FALSE,193560,77222,145082,60650,0.398956396,0.418039454,-1.9%,27%,,,,,,
"Columbus, OH",TRUE,335894,184945,285745,162834,0.55060525,0.56985774,-1.9%,14%,,,,,,
"Modesto, CA",FALSE,117635,21208,96309,19224,0.180286479,0.199607513,-1.9%,10%,,,,,,
"Fort Smith, AR-OK",FALSE,53492,20933,51272,21057,0.391329545,0.410691996,-1.9%,-1%,,,,,,
"Austin-Round Rock, TX",TRUE,404581,267377,327643,223029,0.660873842,0.680707355,-2.0%,20%,,,,,,
"Jacksonville, FL",TRUE,381570,286384,326869,251833,0.750541185,0.770440146,-2.0%,14%,,,,,,
"Colorado Springs, CO",TRUE,164504,107795,141859,95837,0.65527282,0.675579272,-2.0%,12%,,,,,,
"Sioux Falls, SD",TRUE,77283,69632,67886,62550,0.90100022,0.921397637,-2.0%,11%,,,,,,
"Indianapolis-Carmel-Anderson, IN",FALSE,477953,212696,417813,194465,0.445014468,0.465435494,-2.0%,9%,,,,,,
"Duluth, MN-WI",TRUE,32352,22727,30361,21951,0.702491345,0.722999901,-2.1%,4%,,,,,,
"Charleston-North Charleston, SC",FALSE,239725,54480,192662,47815,0.227260403,0.248180752,-2.1%,14%,,,,,,
"Tulsa, OK",FALSE,224436,104426,205870,100142,0.465281862,0.486433186,-2.1%,4%,,,,,,
"Nashville-Davidson--Murfreesboro--Franklin, TN",FALSE,516055,171433,414972,146776,0.332199087,0.353700973,-2.2%,17%,,,,,,
"Pittsburgh, PA",TRUE,124001,69879,116847,68366,0.563535778,0.585089904,-2.2%,2%,,,,,,
"Huntington-Ashland, WV-KY-OH",TRUE,13242,8010,13236,8296,0.604893521,0.626775461,-2.2%,-3%,,,,,,
"Eugene, OR",TRUE,52968,32010,47343,29650,0.604327141,0.626280548,-2.2%,8%,,,,,,
"Springfield, MO",FALSE,105315,61135,91267,55004,0.580496605,0.602671283,-2.2%,11%,,,,,,
"Orlando-Kissimmee-Sanford, FL",TRUE,124124,41217,93298,33051,0.332063098,0.354251967,-2.2%,25%,,,,,,
"Little Rock-North Little Rock-Conway, AR",TRUE,72166,52586,71563,53751,0.728681096,0.751100429,-2.2%,-2%,,,,,,
"Kansas City, MO-KS",TRUE,206092,99900,172640,87565,0.484734973,0.507211538,-2.2%,14%,,,,,,
"Fort Smith, AR-OK",TRUE,34747,24017,33044,23584,0.691196362,0.713715047,-2.3%,2%,,,,,,
"Wichita, KS",TRUE,142937,106140,134613,103048,0.742564906,0.765512989,-2.3%,3%,,,,,,
"Scranton--Wilkes-Barre--Hazleton, PA",TRUE,25981,9550,26644,10414,0.367576306,0.390857229,-2.3%,-8%,,,,,,
"Myrtle Beach-Conway-North Myrtle Beach, SC-NC",FALSE,123855,18008,104933,17720,0.145395826,0.16886966,-2.3%,2%,,,,,,
"Salinas, CA",FALSE,91645,14768,77847,14398,0.161143543,0.184952535,-2.4%,3%,,,,,,
"Beaumont-Port Arthur, TX",TRUE,41381,20769,41178,21653,0.501897006,0.52583904,-2.4%,-4%,,,,,,
"New Haven-Milford, CT",TRUE,43262,18388,39091,17557,0.42503814,0.449131514,-2.4%,5%,,,,,,
"Richmond, VA",TRUE,89975,34914,73141,30186,0.388041123,0.412709698,-2.5%,16%,,,,,,
"Visalia-Porterville, CA",TRUE,39059,17698,33181,15864,0.453109399,0.47810494,-2.5%,12%,,,,,,
"St. Cloud, MN",TRUE,21319,8629,18642,8015,0.404756321,0.429943139,-2.5%,8%,,,,,,
"Lansing-East Lansing, MI",FALSE,132325,34973,123136,35691,0.26429624,0.289850247,-2.6%,-2%,,,,,,
"Evansville, IN-KY",TRUE,46635,33259,43991,32504,0.713176799,0.738878407,-2.6%,2%,,,,,,
"Huntsville, AL",TRUE,69156,51172,59423,45506,0.739950257,0.765797755,-2.6%,12%,,,,,,
"Lincoln, NE",TRUE,108802,85200,100756,81548,0.783073841,0.809361229,-2.6%,4%,,,,,,
"Fort Wayne, IN",FALSE,75052,30435,70020,30267,0.40551884,0.432262211,-2.7%,1%,,,,,,
"Stockton-Lodi, CA",FALSE,167222,21796,131338,20713,0.130341701,0.157707594,-2.7%,5%,,,,,,
"North Port-Sarasota-Bradenton, FL",FALSE,248523,28850,206461,29701,0.116085835,0.143857678,-2.8%,-3%,,,,,,
"Corpus Christi, TX",TRUE,105660,74350,99283,72691,0.703672156,0.732159584,-2.8%,2%,,,,,,
"Charlotte-Concord-Gastonia, NC-SC",TRUE,345330,228165,270159,186242,0.660715837,0.689379217,-2.9%,23%,,,,,,
"Sacramento--Roseville--Arden-Arcade, CA",FALSE,693720,139634,592265,136307,0.201282938,0.23014529,-2.9%,2%,,,,,,
"Beaumont-Port Arthur, TX",FALSE,98563,22528,96278,24787,0.228564471,0.257452377,-2.9%,-9%,,,,,,
"Reading, PA",FALSE,147981,13156,140969,16625,0.088903305,0.11793373,-2.9%,-21%,,,,,,
"Rochester, MN",TRUE,44400,34102,41326,32941,0.768063063,0.797101099,-2.9%,4%,,,,,,
"Omaha-Council Bluffs, NE-IA",FALSE,217125,101760,190366,94860,0.468670121,0.498303268,-3.0%,7%,,,,,,
"Pensacola-Ferry Pass-Brent, FL",FALSE,135773,33190,120093,32952,0.244452137,0.27438735,-3.0%,1%,,,,,,
"Tampa-St. Petersburg-Clearwater, FL",TRUE,153844,65642,125664,57428,0.426678974,0.456996435,-3.0%,14%,,,,,,
"Tucson, AZ",FALSE,156443,69197,148585,70236,0.442314453,0.472699128,-3.0%,-1%,,,,,,
"Raleigh, NC",FALSE,377072,120147,308648,107748,0.318631455,0.349096706,-3.0%,12%,,,,,,
"Spokane-Spokane Valley, WA",FALSE,125803,47135,109527,44376,0.3746731,0.405160371,-3.0%,6%,,,,,,
"Rockford, IL",FALSE,79469,26274,77161,27876,0.330619487,0.36127059,-3.1%,-6%,,,,,,
"Bakersfield, CA",TRUE,121804,52518,106685,49275,0.431168106,0.46187374,-3.1%,7%,,,,,,
"Provo-Orem, UT",FALSE,207066,28017,148559,24667,0.135304685,0.166041775,-3.1%,14%,,,,,,
"San Jose-Sunnyvale-Santa Clara, CA",FALSE,448547,103134,360210,93897,0.229929082,0.260672941,-3.1%,10%,,,,,,
"Salem, OR",TRUE,54278,29919,45755,26634,0.551217805,0.582100317,-3.1%,12%,,,,,,
"Killeen-Temple, TX",FALSE,86290,7471,74667,8863,0.086580137,0.118700363,-3.2%,-16%,,,,,,
"Jackson, MS",FALSE,142408,49349,131546,49812,0.346532498,0.378666018,-3.2%,-1%,,,,,,
"Springfield, MO",TRUE,56155,42499,50426,39788,0.756815956,0.789037401,-3.2%,7%,,,,,,
"Augusta-Richmond County, GA-SC",TRUE,65619,37131,55026,32913,0.56585745,0.598135427,-3.2%,13%,,,,,,
"Ann Arbor, MI",TRUE,39691,22735,36373,22031,0.572799879,0.605696533,-3.3%,3%,,,,,,
"Lexington-Fayette, KY",TRUE,121885,92718,109539,86968,0.76070066,0.793945535,-3.3%,7%,,,,,,
"Greensboro-High Point, NC",FALSE,182272,45765,166297,47348,0.251080802,0.284719508,-3.4%,-3%,,,,,,
"McAllen-Edinburg-Mission, TX",TRUE,50238,20659,43012,19149,0.411222581,0.445201339,-3.4%,8%,,,,,,
"Erie, PA",TRUE,34511,17133,34302,18205,0.496450407,0.530727071,-3.4%,-6%,,,,,,
"Tallahassee, FL",TRUE,57840,41356,51278,38437,0.715006916,0.749580717,-3.5%,8%,,,,,,
"Provo-Orem, UT",TRUE,32926,11298,26197,9904,0.343133086,0.378058556,-3.5%,14%,,,,,,
"Cleveland-Elyria, OH",TRUE,133354,59297,129681,62213,0.444658578,0.479738744,-3.5%,-5%,,,,,,
"Harrisburg-Carlisle, PA",TRUE,18876,4708,16231,4625,0.249417249,0.284948555,-3.6%,2%,,,,,,
"Boise City, ID",TRUE,90195,57762,76126,51474,0.64041244,0.676168458,-3.6%,12%,,,,,,
"St. Louis, MO-IL",TRUE,125612,52103,117387,52906,0.414793173,0.450697266,-3.6%,-2%,,,,,,
"El Paso, TX",TRUE,223358,193546,213566,192819,0.866528175,0.902854387,-3.6%,0%,,,,,,
"Des Moines-West Des Moines, IA",FALSE,180891,62432,151892,57986,0.345136021,0.381758091,-3.7%,8%,,,,,,
"Toledo, OH",TRUE,99790,48811,90995,47877,0.489137188,0.526149788,-3.7%,2%,,,,,,
"San Antonio-New Braunfels, TX",FALSE,378305,178514,292414,148953,0.471878511,0.509390795,-3.8%,20%,,,,,,
"El Paso, TX",FALSE,57386,41896,44236,33955,0.730073537,0.767587485,-3.8%,23%,,,,,,
"Riverside-San Bernardino-Ontario, CA",TRUE,116822,28994,95459,27273,0.248189553,0.28570381,-3.8%,6%,,,,,,
"Flint, MI",FALSE,113046,15991,101845,18250,0.141455691,0.179193873,-3.8%,-12%,,,,,,
"Bridgeport-Stamford-Norwalk, CT",TRUE,50476,11184,46497,12082,0.221570647,0.259844721,-3.8%,-7%,,,,,,
"Kalamazoo-Portage, MI",FALSE,92435,23946,80454,23943,0.259057716,0.297598628,-3.9%,0%,,,,,,
"Philadelphia-Camden-Wilmington, PA-NJ-DE-MD",TRUE,571788,344725,510008,327361,0.602889532,0.641874245,-3.9%,5%,,,,,,
"Baton Rouge, LA",FALSE,232477,65635,218635,70287,0.282329005,0.321481007,-3.9%,-7%,,,,,,
"Milwaukee-Waukesha-West Allis, WI",TRUE,230802,119308,214948,119565,0.51692793,0.556250814,-3.9%,0%,,,,,,
"Allentown-Bethlehem-Easton, PA-NJ",TRUE,47615,8866,40742,9189,0.186201827,0.225541211,-3.9%,-4%,,,,,,
"South Bend-Mishawaka, IN-MI",FALSE,65469,19207,62918,20936,0.293375491,0.332750564,-3.9%,-8%,,,,,,
"Madison, WI",TRUE,113234,74468,98682,68816,0.657646996,0.697351087,-4.0%,8%,,,,,,
"Memphis, TN-MS-AR",FALSE,278545,144223,256285,143007,0.517772712,0.557999883,-4.0%,1%,,,,,,
"San Antonio-New Braunfels, TX",TRUE,562393,395229,482792,359008,0.702763014,0.743608013,-4.1%,10%,,,,,,
"Houston-The Woodlands-Sugar Land, TX",TRUE,841566,543911,751783,516684,0.646308192,0.687278111,-4.1%,5%,,,,,,
"Salinas, CA",TRUE,52110,21913,42393,19582,0.420514297,0.461915882,-4.1%,12%,,,,,,
"Kingsport-Bristol-Bristol, TN-VA",TRUE,11603,5715,9777,5224,0.492545031,0.53431523,-4.2%,9%,,,,,,
"Sacramento--Roseville--Arden-Arcade, CA",TRUE,184515,71878,154004,66454,0.389550985,0.431508273,-4.2%,8%,,,,,,
"Grand Rapids-Wyoming, MI",FALSE,346009,60419,303062,65639,0.174616845,0.216586045,-4.2%,-8%,,,,,,
"Brownsville-Harlingen, TX",TRUE,55744,32509,49025,30672,0.58318384,0.62563998,-4.2%,6%,,,,,,
"Fayetteville, NC",TRUE,47938,26456,46469,27629,0.551879511,0.594568422,-4.3%,-4%,,,,,,
"Jackson, MS",TRUE,55326,30022,52476,30720,0.542638181,0.585410473,-4.3%,-2%,,,,,,
"Spokane-Spokane Valley, WA",TRUE,78657,43345,70951,42134,0.551063478,0.593846457,-4.3%,3%,,,,,,
"Indianapolis-Carmel-Anderson, IN",TRUE,365952,249166,319225,231011,0.680870715,0.723661994,-4.3%,8%,,,,,,
"Greenville-Anderson-Mauldin, SC",TRUE,23484,7334,17221,6121,0.312297735,0.355438128,-4.3%,20%,,,,,,
"Birmingham-Hoover, AL",TRUE,69260,31527,64578,32182,0.455197805,0.498343089,-4.3%,-2%,,,,,,
"Salt Lake City, UT",FALSE,447926,124196,362905,116338,0.277269013,0.320574255,-4.3%,7%,,,,,,
"Mobile, AL",TRUE,64696,44274,64001,46591,0.684339063,0.727973,-4.4%,-5%,,,,,,
"Reno, NV",TRUE,91584,57957,72031,48733,0.632828878,0.676555927,-4.4%,19%,,,,,,
"Greensboro-High Point, NC",TRUE,99127,49825,89362,48881,0.50263803,0.546999843,-4.4%,2%,,,,,,
"Akron, OH",TRUE,75537,24955,70421,26391,0.330367899,0.37476037,-4.4%,-5%,,,,,,
"McAllen-Edinburg-Mission, TX",FALSE,187924,42773,151762,41313,0.227607969,0.272222295,-4.5%,4%,,,,,,
"Albuquerque, NM",FALSE,132204,84722,118700,81367,0.64084294,0.685484414,-4.5%,4%,,,,,,
"Ann Arbor, MI",FALSE,105269,31507,94738,32591,0.299299889,0.344011907,-4.5%,-3%,,,,,,
"Memphis, TN-MS-AR",TRUE,246429,185233,231211,184156,0.751668838,0.796484596,-4.5%,1%,,,,,,
"Des Moines-West Des Moines, IA",TRUE,90194,46643,81643,45887,0.51714083,0.562044511,-4.5%,2%,,,,,,
"Jacksonville, FL",FALSE,230168,103447,176322,87264,0.449441278,0.494912717,-4.5%,19%,,,,,,
"Phoenix-Mesa-Scottsdale, AZ",TRUE,633896,364162,517433,320885,0.574482249,0.620147923,-4.6%,13%,,,,,,
"Mobile, AL",FALSE,68920,36374,64551,37043,0.527771329,0.573856331,-4.6%,-2%,,,,,,
"Houston-The Woodlands-Sugar Land, TX",FALSE,1829906,741040,1546512,697605,0.404960692,0.451082824,-4.6%,6%,,,,,,
"Colorado Springs, CO",FALSE,94150,46374,70704,38120,0.492554434,0.539149129,-4.7%,22%,,,,,,
"Tallahassee, FL",FALSE,78262,46839,73905,47722,0.598489688,0.645720858,-4.7%,-2%,,,,,,
"Appleton, WI",FALSE,58828,14013,53657,15334,0.238202897,0.285778184,-4.8%,-9%,,,,,,
"Tulsa, OK",TRUE,153352,102804,144284,103597,0.670379258,0.718007541,-4.8%,-1%,,,,,,
"Davenport-Moline-Rock Island, IA-IL",TRUE,38338,20182,36577,21002,0.52642287,0.574185964,-4.8%,-4%,,,,,,
"Phoenix-Mesa-Scottsdale, AZ",FALSE,1220259,422403,993971,391586,0.346158479,0.393961192,-4.8%,8%,,,,,,
"Urban Honolulu, HI",TRUE,181660,143096,117046,97913,0.787713311,0.836534354,-4.9%,46%,,,,,,
"Hartford-West Hartford-East Hartford, CT",TRUE,43073,13000,37817,13261,0.301813201,0.350662401,-4.9%,-2%,,,,,,
"Grand Rapids-Wyoming, MI",TRUE,80066,28199,63627,25615,0.352196938,0.402580665,-5.0%,10%,,,,,,
"Dayton, OH",TRUE,46484,14927,44002,16352,0.321121246,0.371619472,-5.0%,-9%,,,,,,
"Knoxville, TN",TRUE,65067,30996,56751,29921,0.47637051,0.527233,-5.1%,4%,,,,,,
"Tucson, AZ",TRUE,166288,98678,148870,96009,0.593416242,0.644918385,-5.2%,3%,,,,,,
"Raleigh, NC",TRUE,168495,79369,136033,71099,0.471046619,0.522659943,-5.2%,12%,,,,,,
"Providence-Warwick, RI-MA",TRUE,63343,23347,52725,22231,0.368580585,0.421640588,-5.3%,5%,,,,,,
"Montgomery, AL",TRUE,63854,43408,63006,46260,0.679800796,0.734215789,-5.4%,-6%,,,,,,
"Baton Rouge, LA",TRUE,79231,39700,76157,42306,0.501066502,0.555510327,-5.4%,-6%,,,,,,
"Omaha-Council Bluffs, NE-IA",TRUE,195615,131639,181604,132256,0.672949416,0.728265897,-5.5%,0%,,,,,,
"York-Hanover, PA",TRUE,17574,3282,13680,3324,0.186753158,0.242982456,-5.6%,-1%,,,,,,
"Albuquerque, NM",TRUE,198301,158933,181386,155810,0.801473518,0.858996835,-5.8%,2%,,,,,,
"Modesto, CA",TRUE,69140,22460,55895,21394,0.324848134,0.382753377,-5.8%,5%,,,,,,
"Urban Honolulu, HI",FALSE,149664,81595,184182,111212,0.545187888,0.603815791,-5.9%,-27%,,,,,,
"Fort Wayne, IN",TRUE,87651,50158,78024,49227,0.572246751,0.630921255,-5.9%,2%,,,,,,
"Savannah, GA",TRUE,50512,31103,45727,30902,0.615754672,0.675793295,-6.0%,1%,,,,,,
"Fayetteville, NC",FALSE,41814,18864,36183,18533,0.451140766,0.512201863,-6.1%,2%,,,,,,
"Claremont-Lebanon, NH-VT",TRUE,1982,875,1723,869,0.441473259,0.504352873,-6.3%,1%,,,,,,
"Killeen-Temple, TX",TRUE,37830,10073,29620,9757,0.266270156,0.329405807,-6.3%,3%,,,,,,
"Reno, NV",FALSE,102617,55046,82336,49508,0.53642184,0.601292266,-6.5%,11%,,,,,,
"Reading, PA",TRUE,30809,4819,24788,5489,0.156415333,0.221437792,-6.5%,-12%,,,,,,
"Dothan, AL",TRUE,17066,11627,15897,11865,0.681296144,0.746367239,-6.5%,-2%,,,,,,
"Canton-Massillon, OH",TRUE,24512,5320,22363,6322,0.217036554,0.282699101,-6.6%,-16%,,,,,,
"Lansing-East Lansing, MI",TRUE,42829,15463,39520,16938,0.361040417,0.428593117,-6.8%,-9%,,,,,,
"Columbia, SC",FALSE,265102,52771,235711,63323,0.19905923,0.268646775,-7.0%,-17%,,,,,,
"Stockton-Lodi, CA",TRUE,97782,32125,77186,30936,0.32853695,0.400798072,-7.2%,4%,,,,,,
"Rockford, IL",TRUE,52582,23908,49220,26023,0.454680309,0.528707842,-7.4%,-8%,,,,,,
"Savannah, GA",FALSE,78533,32421,64829,31583,0.412832822,0.48717395,-7.4%,3%,,,,,,
"Winston-Salem, NC",TRUE,82204,43257,67384,40545,0.526215269,0.6017007,-7.5%,7%,,,,,,
"Appleton, WI",TRUE,25963,10041,23922,11092,0.386742672,0.463673606,-7.7%,-9%,,,,,,
"Detroit-Warren-Dearborn, MI",TRUE,187526,59268,164287,64668,0.316052174,0.393628224,-7.8%,-8%,,,,,,
"Utica-Rome, NY",TRUE,19768,8187,18387,9069,0.414154189,0.493228912,-7.9%,-10%,,,,,,
"Salt Lake City, UT",TRUE,89551,41761,74058,40628,0.466337618,0.548597046,-8.2%,3%,,,,,,
"Youngstown-Warren-Boardman, OH-PA",TRUE,18925,4650,16889,5560,0.245706737,0.32920836,-8.4%,-16%,,,,,,
"Flint, MI",TRUE,22746,4817,22539,7017,0.211773499,0.311327033,-10.0%,-31%,,,,,,
"Columbia, SC",TRUE,33599,12436,31437,15176,0.370130063,0.482743264,-11.3%,-18%,,,,,,
"North Port-Sarasota-Bradenton, FL",TRUE,18363,5145,12921,5099,0.280182977,0.394628899,-11.4%,1%,,,,,,